,title,author,publisher,JAN,date,price,image,rank,content,url,keyword,ad
8,サラリーマンは300万円で小さな会社を買いなさい 人生100年時代の個人M&A入門 (講談社+α新書),三戸 政和,講談社,9784062915182,,￥ 907,https://images-fe.ssl-images-amazon.com/images/I/41nbHzmk43L.jpg,147,,https://www.amazon.co.jp/%E3%82%B5%E3%83%A9%E3%83%AA%E3%83%BC%E3%83%9E%E3%83%B3%E3%81%AF300%E4%B8%87%E5%86%86%E3%81%A7%E5%B0%8F%E3%81%95%E3%81%AA%E4%BC%9A%E7%A4%BE%E3%82%92%E8%B2%B7%E3%81%84%E3%81%AA%E3%81%95%E3%81%84-%E4%BA%BA%E7%94%9F100%E5%B9%B4%E6%99%82%E4%BB%A3%E3%81%AE%E5%80%8B%E4%BA%BAM-A%E5%85%A5%E9%96%80-%E8%AC%9B%E8%AB%87%E7%A4%BE-%CE%B1%E6%96%B0%E6%9B%B8/dp/4062915189?SubscriptionId=AKIAJ645GOWXP5XNXMSA&tag=suiseki-22&linkCode=xm2&camp=2025&creative=165953&creativeASIN=4062915189,スタートアップ,<IsAdultProduct>0</IsAdultProduct>
5,最高の結果を出すKPIマネジメント,中尾隆一郎,フォレスト出版,9784894519848,2018-06-22,"￥ 2,160",https://images-fe.ssl-images-amazon.com/images/I/51b4r1iu8BL.jpg,153,,https://www.amazon.co.jp/%E6%9C%80%E9%AB%98%E3%81%AE%E7%B5%90%E6%9E%9C%E3%82%92%E5%87%BA%E3%81%99KPI%E3%83%9E%E3%83%8D%E3%82%B8%E3%83%A1%E3%83%B3%E3%83%88-%E4%B8%AD%E5%B0%BE%E9%9A%86%E4%B8%80%E9%83%8E/dp/4894519844?SubscriptionId=AKIAJ645GOWXP5XNXMSA&tag=suiseki-22&linkCode=xm2&camp=2025&creative=165953&creativeASIN=4894519844,スタートアップ,<IsAdultProduct>0</IsAdultProduct>
3,エンジェル投資家 リスクを大胆に取り巨額のリターンを得る人は何を見抜くのか,ジェイソン・カラカニス,日経BP社,9784822255725,,"￥ 1,944",https://images-fe.ssl-images-amazon.com/images/I/516sfZ-5VaL.jpg,185,,https://www.amazon.co.jp/%E3%82%A8%E3%83%B3%E3%82%B8%E3%82%A7%E3%83%AB%E6%8A%95%E8%B3%87%E5%AE%B6-%E3%83%AA%E3%82%B9%E3%82%AF%E3%82%92%E5%A4%A7%E8%83%86%E3%81%AB%E5%8F%96%E3%82%8A%E5%B7%A8%E9%A1%8D%E3%81%AE%E3%83%AA%E3%82%BF%E3%83%BC%E3%83%B3%E3%82%92%E5%BE%97%E3%82%8B%E4%BA%BA%E3%81%AF%E4%BD%95%E3%82%92%E8%A6%8B%E6%8A%9C%E3%81%8F%E3%81%AE%E3%81%8B-%E3%82%B8%E3%82%A7%E3%82%A4%E3%82%BD%E3%83%B3%E3%83%BB%E3%82%AB%E3%83%A9%E3%82%AB%E3%83%8B%E3%82%B9/dp/4822255727?SubscriptionId=AKIAJ645GOWXP5XNXMSA&tag=suiseki-22&linkCode=xm2&camp=2025&creative=165953&creativeASIN=4822255727,スタートアップ,<IsAdultProduct>0</IsAdultProduct>
32,起業の科学 スタートアップサイエンス,田所 雅之,日経BP社,9784822259754,,"￥ 2,484",https://images-fe.ssl-images-amazon.com/images/I/51Hu9MIXTvL.jpg,351,,https://www.amazon.co.jp/%E8%B5%B7%E6%A5%AD%E3%81%AE%E7%A7%91%E5%AD%A6-%E3%82%B9%E3%82%BF%E3%83%BC%E3%83%88%E3%82%A2%E3%83%83%E3%83%97%E3%82%B5%E3%82%A4%E3%82%A8%E3%83%B3%E3%82%B9-%E7%94%B0%E6%89%80-%E9%9B%85%E4%B9%8B/dp/4822259757?SubscriptionId=AKIAJ645GOWXP5XNXMSA&tag=suiseki-22&linkCode=xm2&camp=2025&creative=165953&creativeASIN=4822259757,スタートアップ,<IsAdultProduct>0</IsAdultProduct>
19,プラットフォーム革命――経済を支配するビジネスモデルはどう機能し、どう作られるのか,アレックス・モザド,英治出版,9784862762498,2018-02-07,"￥ 2,052",https://images-fe.ssl-images-amazon.com/images/I/61RNqeC8XgL.jpg,848,,https://www.amazon.co.jp/%E3%83%97%E3%83%A9%E3%83%83%E3%83%88%E3%83%95%E3%82%A9%E3%83%BC%E3%83%A0%E9%9D%A9%E5%91%BD%E2%80%95%E2%80%95%E7%B5%8C%E6%B8%88%E3%82%92%E6%94%AF%E9%85%8D%E3%81%99%E3%82%8B%E3%83%93%E3%82%B8%E3%83%8D%E3%82%B9%E3%83%A2%E3%83%87%E3%83%AB%E3%81%AF%E3%81%A9%E3%81%86%E6%A9%9F%E8%83%BD%E3%81%97%E3%80%81%E3%81%A9%E3%81%86%E4%BD%9C%E3%82%89%E3%82%8C%E3%82%8B%E3%81%AE%E3%81%8B-%E3%82%A2%E3%83%AC%E3%83%83%E3%82%AF%E3%82%B9%E3%83%BB%E3%83%A2%E3%82%B6%E3%83%89/dp/4862762492?SubscriptionId=AKIAJ645GOWXP5XNXMSA&tag=suiseki-22&linkCode=xm2&camp=2025&creative=165953&creativeASIN=4862762492,スタートアップ,<IsAdultProduct>0</IsAdultProduct>
12,OKR(オーケーアール) シリコンバレー式で大胆な目標を達成する方法,クリスティーナ・ウォドキー,日経BP社,9784822255640,,"￥ 1,620",https://images-fe.ssl-images-amazon.com/images/I/51uoteQoTmL.jpg,1339,,https://www.amazon.co.jp/OKR-%E3%82%AA%E3%83%BC%E3%82%B1%E3%83%BC%E3%82%A2%E3%83%BC%E3%83%AB-%E3%82%B7%E3%83%AA%E3%82%B3%E3%83%B3%E3%83%90%E3%83%AC%E3%83%BC%E5%BC%8F%E3%81%A7%E5%A4%A7%E8%83%86%E3%81%AA%E7%9B%AE%E6%A8%99%E3%82%92%E9%81%94%E6%88%90%E3%81%99%E3%82%8B%E6%96%B9%E6%B3%95-%E3%82%AF%E3%83%AA%E3%82%B9%E3%83%86%E3%82%A3%E3%83%BC%E3%83%8A%E3%83%BB%E3%82%A6%E3%82%A9%E3%83%89%E3%82%AD%E3%83%BC/dp/4822255646?SubscriptionId=AKIAJ645GOWXP5XNXMSA&tag=suiseki-22&linkCode=xm2&camp=2025&creative=165953&creativeASIN=4822255646,スタートアップ,<IsAdultProduct>0</IsAdultProduct>
2,TRUST 世界最先端の企業はいかに〈信頼〉を攻略したか,レイチェル・ボッツマン,日経BP社,9784822255565,,"￥ 2,160",https://images-fe.ssl-images-amazon.com/images/I/51T9y-GqD1L.jpg,1699,,https://www.amazon.co.jp/TRUST-%E4%B8%96%E7%95%8C%E6%9C%80%E5%85%88%E7%AB%AF%E3%81%AE%E4%BC%81%E6%A5%AD%E3%81%AF%E3%81%84%E3%81%8B%E3%81%AB%E3%80%88%E4%BF%A1%E9%A0%BC%E3%80%89%E3%82%92%E6%94%BB%E7%95%A5%E3%81%97%E3%81%9F%E3%81%8B-%E3%83%AC%E3%82%A4%E3%83%81%E3%82%A7%E3%83%AB%E3%83%BB%E3%83%9C%E3%83%83%E3%83%84%E3%83%9E%E3%83%B3/dp/4822255565?SubscriptionId=AKIAJ645GOWXP5XNXMSA&tag=suiseki-22&linkCode=xm2&camp=2025&creative=165953&creativeASIN=4822255565,スタートアップ,<IsAdultProduct>0</IsAdultProduct>
75,HIGH OUTPUT MANAGEMENT(ハイアウトプット マネジメント) 人を育て、成果を最大にするマネジメント,アンドリュー・S・グローブ,日経BP社,9784822255015,,"￥ 1,944",https://images-fe.ssl-images-amazon.com/images/I/518hPwNss-L.jpg,2388,,https://www.amazon.co.jp/OUTPUT-MANAGEMENT-%E3%83%8F%E3%82%A4%E3%82%A2%E3%82%A6%E3%83%88%E3%83%97%E3%83%83%E3%83%88-%E3%83%9E%E3%83%8D%E3%82%B8%E3%83%A1%E3%83%B3%E3%83%88-%E4%BA%BA%E3%82%92%E8%82%B2%E3%81%A6%E3%80%81%E6%88%90%E6%9E%9C%E3%82%92%E6%9C%80%E5%A4%A7%E3%81%AB%E3%81%99%E3%82%8B%E3%83%9E%E3%83%8D%E3%82%B8%E3%83%A1%E3%83%B3%E3%83%88/dp/4822255018?SubscriptionId=AKIAJ645GOWXP5XNXMSA&tag=suiseki-22&linkCode=xm2&camp=2025&creative=165953&creativeASIN=4822255018,スタートアップ,<IsAdultProduct>0</IsAdultProduct>
58,"リクルートの すごい構“創""力 アイデアを事業に仕上げる9メソッド",杉田 浩章,日本経済新聞出版社,9784532321475,,"￥ 1,419",https://images-fe.ssl-images-amazon.com/images/I/511rvgQPmNL.jpg,3878,帯付き、良品です。消毒の上、郵便局のクリックポストで郵送予定です。,https://www.amazon.co.jp/%E3%83%AA%E3%82%AF%E3%83%AB%E3%83%BC%E3%83%88%E3%81%AE-%E3%81%99%E3%81%94%E3%81%84%E6%A7%8B%E2%80%9C%E5%89%B5-%E3%82%A2%E3%82%A4%E3%83%87%E3%82%A2%E3%82%92%E4%BA%8B%E6%A5%AD%E3%81%AB%E4%BB%95%E4%B8%8A%E3%81%92%E3%82%8B9%E3%83%A1%E3%82%BD%E3%83%83%E3%83%89-%E6%9D%89%E7%94%B0-%E6%B5%A9%E7%AB%A0/dp/4532321476?SubscriptionId=AKIAJ645GOWXP5XNXMSA&tag=suiseki-22&linkCode=xm2&camp=2025&creative=165953&creativeASIN=4532321476,スタートアップ,<IsAdultProduct>0</IsAdultProduct>
22,世界一やさしい右脳型問題解決の授業,渡辺 健介,ダイヤモンド社,9784478101193,,"￥ 1,296",https://images-fe.ssl-images-amazon.com/images/I/51sJsnOJ4jL.jpg,4274,,https://www.amazon.co.jp/%E4%B8%96%E7%95%8C%E4%B8%80%E3%82%84%E3%81%95%E3%81%97%E3%81%84%E5%8F%B3%E8%84%B3%E5%9E%8B%E5%95%8F%E9%A1%8C%E8%A7%A3%E6%B1%BA%E3%81%AE%E6%8E%88%E6%A5%AD-%E6%B8%A1%E8%BE%BA-%E5%81%A5%E4%BB%8B/dp/4478101191?SubscriptionId=AKIAJ645GOWXP5XNXMSA&tag=suiseki-22&linkCode=xm2&camp=2025&creative=165953&creativeASIN=4478101191,スタートアップ,<IsAdultProduct>0</IsAdultProduct>
16,インド・シフト 世界のトップ企業はなぜ、「バンガロール」に拠点を置くのか?,武鑓 行雄,PHP研究所,9784569831497,,"￥ 1,944",https://images-fe.ssl-images-amazon.com/images/I/517ZFMwGWPL.jpg,8836,,https://www.amazon.co.jp/%E3%82%A4%E3%83%B3%E3%83%89%E3%83%BB%E3%82%B7%E3%83%95%E3%83%88-%E4%B8%96%E7%95%8C%E3%81%AE%E3%83%88%E3%83%83%E3%83%97%E4%BC%81%E6%A5%AD%E3%81%AF%E3%81%AA%E3%81%9C%E3%80%81%E3%80%8C%E3%83%90%E3%83%B3%E3%82%AC%E3%83%AD%E3%83%BC%E3%83%AB%E3%80%8D%E3%81%AB%E6%8B%A0%E7%82%B9%E3%82%92%E7%BD%AE%E3%81%8F%E3%81%AE%E3%81%8B-%E6%AD%A6%E9%91%93-%E8%A1%8C%E9%9B%84/dp/4569831494?SubscriptionId=AKIAJ645GOWXP5XNXMSA&tag=suiseki-22&linkCode=xm2&camp=2025&creative=165953&creativeASIN=4569831494,スタートアップ,<IsAdultProduct>0</IsAdultProduct>
4,ベルリン・都市・未来,武邑 光裕,太田出版,9784778316365,,"￥ 3,240",https://images-fe.ssl-images-amazon.com/images/I/5153Vyj89zL.jpg,8928,,https://www.amazon.co.jp/%E3%83%99%E3%83%AB%E3%83%AA%E3%83%B3%E3%83%BB%E9%83%BD%E5%B8%82%E3%83%BB%E6%9C%AA%E6%9D%A5-%E6%AD%A6%E9%82%91-%E5%85%89%E8%A3%95/dp/4778316363?SubscriptionId=AKIAJ645GOWXP5XNXMSA&tag=suiseki-22&linkCode=xm2&camp=2025&creative=165953&creativeASIN=4778316363,スタートアップ,<IsAdultProduct>0</IsAdultProduct>
6,イーロン・マスクの世紀,兼松 雄一郎,日本経済新聞出版社,9784532322113,,"￥ 1,728",https://images-fe.ssl-images-amazon.com/images/I/518QKl1xdIL.jpg,9263,,https://www.amazon.co.jp/%E3%82%A4%E3%83%BC%E3%83%AD%E3%83%B3%E3%83%BB%E3%83%9E%E3%82%B9%E3%82%AF%E3%81%AE%E4%B8%96%E7%B4%80-%E5%85%BC%E6%9D%BE-%E9%9B%84%E4%B8%80%E9%83%8E/dp/4532322111?SubscriptionId=AKIAJ645GOWXP5XNXMSA&tag=suiseki-22&linkCode=xm2&camp=2025&creative=165953&creativeASIN=4532322111,スタートアップ,<IsAdultProduct>0</IsAdultProduct>
42,パラノイアだけが生き残る 時代の転換点をきみはどう見極め、乗り切るのか,アンドリュー・S・グローブ,日経BP社,9784822255343,,"￥ 1,944",https://images-fe.ssl-images-amazon.com/images/I/51PFIJL1QXL.jpg,11714,,https://www.amazon.co.jp/%E3%83%91%E3%83%A9%E3%83%8E%E3%82%A4%E3%82%A2%E3%81%A0%E3%81%91%E3%81%8C%E7%94%9F%E3%81%8D%E6%AE%8B%E3%82%8B-%E6%99%82%E4%BB%A3%E3%81%AE%E8%BB%A2%E6%8F%9B%E7%82%B9%E3%82%92%E3%81%8D%E3%81%BF%E3%81%AF%E3%81%A9%E3%81%86%E8%A6%8B%E6%A5%B5%E3%82%81%E3%80%81%E4%B9%97%E3%82%8A%E5%88%87%E3%82%8B%E3%81%AE%E3%81%8B-%E3%82%A2%E3%83%B3%E3%83%89%E3%83%AA%E3%83%A5%E3%83%BC%E3%83%BBS%E3%83%BB%E3%82%B0%E3%83%AD%E3%83%BC%E3%83%96/dp/4822255344?SubscriptionId=AKIAJ645GOWXP5XNXMSA&tag=suiseki-22&linkCode=xm2&camp=2025&creative=165953&creativeASIN=4822255344,スタートアップ,<IsAdultProduct>0</IsAdultProduct>
34,機械学習スタートアップシリーズ これならわかる深層学習入門 (KS情報科学専門書),瀧 雅人,講談社,9784061538283,,"￥ 3,240",https://images-fe.ssl-images-amazon.com/images/I/51LiNJaGr6L.jpg,15235,,https://www.amazon.co.jp/%E6%A9%9F%E6%A2%B0%E5%AD%A6%E7%BF%92%E3%82%B9%E3%82%BF%E3%83%BC%E3%83%88%E3%82%A2%E3%83%83%E3%83%97%E3%82%B7%E3%83%AA%E3%83%BC%E3%82%BA-%E3%81%93%E3%82%8C%E3%81%AA%E3%82%89%E3%82%8F%E3%81%8B%E3%82%8B%E6%B7%B1%E5%B1%A4%E5%AD%A6%E7%BF%92%E5%85%A5%E9%96%80-KS%E6%83%85%E5%A0%B1%E7%A7%91%E5%AD%A6%E5%B0%82%E9%96%80%E6%9B%B8-%E7%80%A7-%E9%9B%85%E4%BA%BA/dp/4061538284?SubscriptionId=AKIAJ645GOWXP5XNXMSA&tag=suiseki-22&linkCode=xm2&camp=2025&creative=165953&creativeASIN=4061538284,スタートアップ,<IsAdultProduct>0</IsAdultProduct>
25,テクノロジー・スタートアップが未来を創る: テック起業家をめざせ,鎌田 富久,東京大学出版会,9784130430401,,"￥ 1,728",https://images-fe.ssl-images-amazon.com/images/I/51NYCT5qA0L.jpg,16425,,https://www.amazon.co.jp/%E3%83%86%E3%82%AF%E3%83%8E%E3%83%AD%E3%82%B8%E3%83%BC%E3%83%BB%E3%82%B9%E3%82%BF%E3%83%BC%E3%83%88%E3%82%A2%E3%83%83%E3%83%97%E3%81%8C%E6%9C%AA%E6%9D%A5%E3%82%92%E5%89%B5%E3%82%8B-%E3%83%86%E3%83%83%E3%82%AF%E8%B5%B7%E6%A5%AD%E5%AE%B6%E3%82%92%E3%82%81%E3%81%96%E3%81%9B-%E9%8E%8C%E7%94%B0-%E5%AF%8C%E4%B9%85/dp/4130430408?SubscriptionId=AKIAJ645GOWXP5XNXMSA&tag=suiseki-22&linkCode=xm2&camp=2025&creative=165953&creativeASIN=4130430408,スタートアップ,<IsAdultProduct>0</IsAdultProduct>
23,UPSTARTS UberとAirbnbはケタ違いの成功をこう手に入れた,ブラッド・ストーン,日経BP社,9784822255596,,"￥ 2,052",https://images-fe.ssl-images-amazon.com/images/I/51xG3xjKeYL.jpg,19907,,https://www.amazon.co.jp/UPSTARTS-Uber%E3%81%A8Airbnb%E3%81%AF%E3%82%B1%E3%82%BF%E9%81%95%E3%81%84%E3%81%AE%E6%88%90%E5%8A%9F%E3%82%92%E3%81%93%E3%81%86%E6%89%8B%E3%81%AB%E5%85%A5%E3%82%8C%E3%81%9F-%E3%83%96%E3%83%A9%E3%83%83%E3%83%89%E3%83%BB%E3%82%B9%E3%83%88%E3%83%BC%E3%83%B3/dp/482225559X?SubscriptionId=AKIAJ645GOWXP5XNXMSA&tag=suiseki-22&linkCode=xm2&camp=2025&creative=165953&creativeASIN=482225559X,スタートアップ,<IsAdultProduct>0</IsAdultProduct>
69,逆説のスタートアップ思考 (中公新書ラクレ 578),馬田 隆明,中央公論新社,9784121505781,,￥ 886,https://images-fe.ssl-images-amazon.com/images/I/41f6SJzdJgL.jpg,21081,,https://www.amazon.co.jp/%E9%80%86%E8%AA%AC%E3%81%AE%E3%82%B9%E3%82%BF%E3%83%BC%E3%83%88%E3%82%A2%E3%83%83%E3%83%97%E6%80%9D%E8%80%83-%E4%B8%AD%E5%85%AC%E6%96%B0%E6%9B%B8%E3%83%A9%E3%82%AF%E3%83%AC-578-%E9%A6%AC%E7%94%B0-%E9%9A%86%E6%98%8E/dp/4121505786?SubscriptionId=AKIAJ645GOWXP5XNXMSA&tag=suiseki-22&linkCode=xm2&camp=2025&creative=165953&creativeASIN=4121505786,スタートアップ,<IsAdultProduct>0</IsAdultProduct>
1,Ubuntuスタートアップバイブル,小林 準,マイナビ出版,9784839964863,2018-07-30,"￥ 3,920",https://images-fe.ssl-images-amazon.com/images/I/51Q-E3pNpLL.jpg,21653,,https://www.amazon.co.jp/Ubuntu%E3%82%B9%E3%82%BF%E3%83%BC%E3%83%88%E3%82%A2%E3%83%83%E3%83%97%E3%83%90%E3%82%A4%E3%83%96%E3%83%AB-%E5%B0%8F%E6%9E%97-%E6%BA%96/dp/4839964866?SubscriptionId=AKIAJ645GOWXP5XNXMSA&tag=suiseki-22&linkCode=xm2&camp=2025&creative=165953&creativeASIN=4839964866,スタートアップ,<IsAdultProduct>0</IsAdultProduct>
57,世界の地方創生: 辺境のスタートアップたち,松永 安光,学芸出版社,9784761526450,,"￥ 2,160",https://images-fe.ssl-images-amazon.com/images/I/51j4inzQO3L.jpg,22443,,https://www.amazon.co.jp/%E4%B8%96%E7%95%8C%E3%81%AE%E5%9C%B0%E6%96%B9%E5%89%B5%E7%94%9F-%E8%BE%BA%E5%A2%83%E3%81%AE%E3%82%B9%E3%82%BF%E3%83%BC%E3%83%88%E3%82%A2%E3%83%83%E3%83%97%E3%81%9F%E3%81%A1-%E6%9D%BE%E6%B0%B8-%E5%AE%89%E5%85%89/dp/4761526459?SubscriptionId=AKIAJ645GOWXP5XNXMSA&tag=suiseki-22&linkCode=xm2&camp=2025&creative=165953&creativeASIN=4761526459,スタートアップ,<IsAdultProduct>0</IsAdultProduct>
45,STARTUP(スタートアップ):アイデアから利益を生みだす組織マネジメント,ダイアナ・キャンダー,新潮社,9784105070410,,"￥ 1,836",https://images-fe.ssl-images-amazon.com/images/I/41B4Qu9BLBL.jpg,29346,,https://www.amazon.co.jp/STARTUP-%E3%82%B9%E3%82%BF%E3%83%BC%E3%83%88%E3%82%A2%E3%83%83%E3%83%97-%E3%82%A2%E3%82%A4%E3%83%87%E3%82%A2%E3%81%8B%E3%82%89%E5%88%A9%E7%9B%8A%E3%82%92%E7%94%9F%E3%81%BF%E3%81%A0%E3%81%99%E7%B5%84%E7%B9%94%E3%83%9E%E3%83%8D%E3%82%B8%E3%83%A1%E3%83%B3%E3%83%88-%E3%83%80%E3%82%A4%E3%82%A2%E3%83%8A%E3%83%BB%E3%82%AD%E3%83%A3%E3%83%B3%E3%83%80%E3%83%BC/dp/410507041X?SubscriptionId=AKIAJ645GOWXP5XNXMSA&tag=suiseki-22&linkCode=xm2&camp=2025&creative=165953&creativeASIN=410507041X,スタートアップ,<IsAdultProduct>0</IsAdultProduct>
18,評価の経済学,デビッド・ウォーラー,日経BP社,9784822255619,,"￥ 2,160",https://images-fe.ssl-images-amazon.com/images/I/519ScTdpljL.jpg,32985,,https://www.amazon.co.jp/%E8%A9%95%E4%BE%A1%E3%81%AE%E7%B5%8C%E6%B8%88%E5%AD%A6-%E3%83%87%E3%83%93%E3%83%83%E3%83%89%E3%83%BB%E3%82%A6%E3%82%A9%E3%83%BC%E3%83%A9%E3%83%BC/dp/4822255611?SubscriptionId=AKIAJ645GOWXP5XNXMSA&tag=suiseki-22&linkCode=xm2&camp=2025&creative=165953&creativeASIN=4822255611,スタートアップ,<IsAdultProduct>0</IsAdultProduct>
61,ポートランド・メイカーズ クリエイティブコミュニティのつくり方,山崎 満広,学芸出版社,9784761526429,,"￥ 1,830",https://images-fe.ssl-images-amazon.com/images/I/51mvETaJnzL.jpg,33809,,https://www.amazon.co.jp/%E3%83%9D%E3%83%BC%E3%83%88%E3%83%A9%E3%83%B3%E3%83%89%E3%83%BB%E3%83%A1%E3%82%A4%E3%82%AB%E3%83%BC%E3%82%BA-%E3%82%AF%E3%83%AA%E3%82%A8%E3%82%A4%E3%83%86%E3%82%A3%E3%83%96%E3%82%B3%E3%83%9F%E3%83%A5%E3%83%8B%E3%83%86%E3%82%A3%E3%81%AE%E3%81%A4%E3%81%8F%E3%82%8A%E6%96%B9-%E5%B1%B1%E5%B4%8E-%E6%BA%80%E5%BA%83/dp/4761526424?SubscriptionId=AKIAJ645GOWXP5XNXMSA&tag=suiseki-22&linkCode=xm2&camp=2025&creative=165953&creativeASIN=4761526424,スタートアップ,<IsAdultProduct>0</IsAdultProduct>
14,未来をつくる起業家 vol.2,ケイシー ウォール(Casey Wahl),クロスメディア・パブリッシング(インプレス),9784295401643,2018-03-02,"￥ 1,814",https://images-fe.ssl-images-amazon.com/images/I/51mAro2a8yL.jpg,38903,,https://www.amazon.co.jp/%E6%9C%AA%E6%9D%A5%E3%82%92%E3%81%A4%E3%81%8F%E3%82%8B%E8%B5%B7%E6%A5%AD%E5%AE%B6-vol-2-%E3%82%B1%E3%82%A4%E3%82%B7%E3%83%BC-%E3%82%A6%E3%82%A9%E3%83%BC%E3%83%AB-Casey/dp/4295401641?SubscriptionId=AKIAJ645GOWXP5XNXMSA&tag=suiseki-22&linkCode=xm2&camp=2025&creative=165953&creativeASIN=4295401641,スタートアップ,<IsAdultProduct>0</IsAdultProduct>
35,機械学習スタートアップシリーズ ベイズ推論による機械学習入門 (KS情報科学専門書),須山 敦志,講談社,9784061538320,,"￥ 3,024",https://images-fe.ssl-images-amazon.com/images/I/5101MP2WobL.jpg,43730,,https://www.amazon.co.jp/%E6%A9%9F%E6%A2%B0%E5%AD%A6%E7%BF%92%E3%82%B9%E3%82%BF%E3%83%BC%E3%83%88%E3%82%A2%E3%83%83%E3%83%97%E3%82%B7%E3%83%AA%E3%83%BC%E3%82%BA-%E3%83%99%E3%82%A4%E3%82%BA%E6%8E%A8%E8%AB%96%E3%81%AB%E3%82%88%E3%82%8B%E6%A9%9F%E6%A2%B0%E5%AD%A6%E7%BF%92%E5%85%A5%E9%96%80-KS%E6%83%85%E5%A0%B1%E7%A7%91%E5%AD%A6%E5%B0%82%E9%96%80%E6%9B%B8-%E9%A0%88%E5%B1%B1-%E6%95%A6%E5%BF%97/dp/4061538322?SubscriptionId=AKIAJ645GOWXP5XNXMSA&tag=suiseki-22&linkCode=xm2&camp=2025&creative=165953&creativeASIN=4061538322,スタートアップ,<IsAdultProduct>0</IsAdultProduct>
30,「ハードウェアのシリコンバレー深セン」に学ぶ−これからの製造のトレンドとエコシステム (NextPublishing),藤岡 淳一,インプレスR&D,9784844398035,2017-11-24,"￥ 1,728",https://images-fe.ssl-images-amazon.com/images/I/51Hif9qPz0L.jpg,46793,,https://www.amazon.co.jp/%E3%80%8C%E3%83%8F%E3%83%BC%E3%83%89%E3%82%A6%E3%82%A7%E3%82%A2%E3%81%AE%E3%82%B7%E3%83%AA%E3%82%B3%E3%83%B3%E3%83%90%E3%83%AC%E3%83%BC%E6%B7%B1%E3%82%BB%E3%83%B3%E3%80%8D%E3%81%AB%E5%AD%A6%E3%81%B6%E2%88%92%E3%81%93%E3%82%8C%E3%81%8B%E3%82%89%E3%81%AE%E8%A3%BD%E9%80%A0%E3%81%AE%E3%83%88%E3%83%AC%E3%83%B3%E3%83%89%E3%81%A8%E3%82%A8%E3%82%B3%E3%82%B7%E3%82%B9%E3%83%86%E3%83%A0-NextPublishing-%E8%97%A4%E5%B2%A1-%E6%B7%B3%E4%B8%80/dp/4844398032?SubscriptionId=AKIAJ645GOWXP5XNXMSA&tag=suiseki-22&linkCode=xm2&camp=2025&creative=165953&creativeASIN=4844398032,スタートアップ,<IsAdultProduct>0</IsAdultProduct>
7,スタートアップ・ウェイ 予測不可能な世界で成長し続けるマネジメント,エリック・リース,日経BP社,9784822255695,,"￥ 2,160",https://images-fe.ssl-images-amazon.com/images/I/51soTImffZL.jpg,47483,,https://www.amazon.co.jp/%E3%82%B9%E3%82%BF%E3%83%BC%E3%83%88%E3%82%A2%E3%83%83%E3%83%97%E3%83%BB%E3%82%A6%E3%82%A7%E3%82%A4-%E4%BA%88%E6%B8%AC%E4%B8%8D%E5%8F%AF%E8%83%BD%E3%81%AA%E4%B8%96%E7%95%8C%E3%81%A7%E6%88%90%E9%95%B7%E3%81%97%E7%B6%9A%E3%81%91%E3%82%8B%E3%83%9E%E3%83%8D%E3%82%B8%E3%83%A1%E3%83%B3%E3%83%88-%E3%82%A8%E3%83%AA%E3%83%83%E3%82%AF%E3%83%BB%E3%83%AA%E3%83%BC%E3%82%B9/dp/4822255697?SubscriptionId=AKIAJ645GOWXP5XNXMSA&tag=suiseki-22&linkCode=xm2&camp=2025&creative=165953&creativeASIN=4822255697,スタートアップ,<IsAdultProduct>0</IsAdultProduct>
49,Lean UX 第2版 ―アジャイルなチームによるプロダクト開発 (THE LEAN SERIES),ジェフ・ゴーセルフ,オライリージャパン,9784873118055,,"￥ 2,700",https://images-fe.ssl-images-amazon.com/images/I/41XLSZGw1tL.jpg,52960,,https://www.amazon.co.jp/Lean-UX-%E7%AC%AC2%E7%89%88-%E2%80%95%E3%82%A2%E3%82%B8%E3%83%A3%E3%82%A4%E3%83%AB%E3%81%AA%E3%83%81%E3%83%BC%E3%83%A0%E3%81%AB%E3%82%88%E3%82%8B%E3%83%97%E3%83%AD%E3%83%80%E3%82%AF%E3%83%88%E9%96%8B%E7%99%BA-LEAN/dp/4873118050?SubscriptionId=AKIAJ645GOWXP5XNXMSA&tag=suiseki-22&linkCode=xm2&camp=2025&creative=165953&creativeASIN=4873118050,スタートアップ,<IsAdultProduct>0</IsAdultProduct>
13,嘱託産業医スタートアップマニュアル【ゼロから始める産業医】,勝木 美佐子,日本医事新報社,9784784947553,,"￥ 4,104",https://images-fe.ssl-images-amazon.com/images/I/516GnhQukUL.jpg,53194,,https://www.amazon.co.jp/%E5%98%B1%E8%A8%97%E7%94%A3%E6%A5%AD%E5%8C%BB%E3%82%B9%E3%82%BF%E3%83%BC%E3%83%88%E3%82%A2%E3%83%83%E3%83%97%E3%83%9E%E3%83%8B%E3%83%A5%E3%82%A2%E3%83%AB%E3%80%90%E3%82%BC%E3%83%AD%E3%81%8B%E3%82%89%E5%A7%8B%E3%82%81%E3%82%8B%E7%94%A3%E6%A5%AD%E5%8C%BB%E3%80%91-%E5%8B%9D%E6%9C%A8-%E7%BE%8E%E4%BD%90%E5%AD%90/dp/4784947558?SubscriptionId=AKIAJ645GOWXP5XNXMSA&tag=suiseki-22&linkCode=xm2&camp=2025&creative=165953&creativeASIN=4784947558,スタートアップ,<IsAdultProduct>0</IsAdultProduct>
74,スタートアップ大国イスラエルの秘密,加藤 清司,洋泉社,9784800311443,,"￥ 6,150",https://images-fe.ssl-images-amazon.com/images/I/61nEB-2sSKL.jpg,55576,,https://www.amazon.co.jp/%E3%82%B9%E3%82%BF%E3%83%BC%E3%83%88%E3%82%A2%E3%83%83%E3%83%97%E5%A4%A7%E5%9B%BD%E3%82%A4%E3%82%B9%E3%83%A9%E3%82%A8%E3%83%AB%E3%81%AE%E7%A7%98%E5%AF%86-%E5%8A%A0%E8%97%A4-%E6%B8%85%E5%8F%B8/dp/4800311446?SubscriptionId=AKIAJ645GOWXP5XNXMSA&tag=suiseki-22&linkCode=xm2&camp=2025&creative=165953&creativeASIN=4800311446,スタートアップ,<IsAdultProduct>0</IsAdultProduct>
37,図解リーン・スタートアップ成長戦略,アッシュ・マウリャ,日経BP社,9784822255459,,"￥ 2,376",https://images-fe.ssl-images-amazon.com/images/I/61R%2BJVsPFqL.jpg,56890,,https://www.amazon.co.jp/%E5%9B%B3%E8%A7%A3%E3%83%AA%E3%83%BC%E3%83%B3%E3%83%BB%E3%82%B9%E3%82%BF%E3%83%BC%E3%83%88%E3%82%A2%E3%83%83%E3%83%97%E6%88%90%E9%95%B7%E6%88%A6%E7%95%A5-%E3%82%A2%E3%83%83%E3%82%B7%E3%83%A5%E3%83%BB%E3%83%9E%E3%82%A6%E3%83%AA%E3%83%A3/dp/482225545X?SubscriptionId=AKIAJ645GOWXP5XNXMSA&tag=suiseki-22&linkCode=xm2&camp=2025&creative=165953&creativeASIN=482225545X,スタートアップ,<IsAdultProduct>0</IsAdultProduct>
39,ギグ・エコノミー 人生100年時代を幸せに暮らす最強の働き方,ダイアン・マルケイ,日経BP社,9784822255404,,"￥ 1,944",https://images-fe.ssl-images-amazon.com/images/I/51e78BcmjAL.jpg,57483,,https://www.amazon.co.jp/%E3%82%AE%E3%82%B0%E3%83%BB%E3%82%A8%E3%82%B3%E3%83%8E%E3%83%9F%E3%83%BC-%E4%BA%BA%E7%94%9F100%E5%B9%B4%E6%99%82%E4%BB%A3%E3%82%92%E5%B9%B8%E3%81%9B%E3%81%AB%E6%9A%AE%E3%82%89%E3%81%99%E6%9C%80%E5%BC%B7%E3%81%AE%E5%83%8D%E3%81%8D%E6%96%B9-%E3%83%80%E3%82%A4%E3%82%A2%E3%83%B3%E3%83%BB%E3%83%9E%E3%83%AB%E3%82%B1%E3%82%A4/dp/4822255409?SubscriptionId=AKIAJ645GOWXP5XNXMSA&tag=suiseki-22&linkCode=xm2&camp=2025&creative=165953&creativeASIN=4822255409,スタートアップ,<IsAdultProduct>0</IsAdultProduct>
67,未来型国家エストニアの挑戦【新版】 電子政府がひらく世界 (NextPublishing),ラウル アリキヴィ,インプレスR&D,9784844397502,2017-03-24,"￥ 1,944",https://images-fe.ssl-images-amazon.com/images/I/51JlSAz64tL.jpg,59199,,https://www.amazon.co.jp/%E6%9C%AA%E6%9D%A5%E5%9E%8B%E5%9B%BD%E5%AE%B6%E3%82%A8%E3%82%B9%E3%83%88%E3%83%8B%E3%82%A2%E3%81%AE%E6%8C%91%E6%88%A6%E3%80%90%E6%96%B0%E7%89%88%E3%80%91-%E9%9B%BB%E5%AD%90%E6%94%BF%E5%BA%9C%E3%81%8C%E3%81%B2%E3%82%89%E3%81%8F%E4%B8%96%E7%95%8C-NextPublishing-%E3%83%A9%E3%82%A6%E3%83%AB-%E3%82%A2%E3%83%AA%E3%82%AD%E3%83%B4%E3%82%A3/dp/4844397508?SubscriptionId=AKIAJ645GOWXP5XNXMSA&tag=suiseki-22&linkCode=xm2&camp=2025&creative=165953&creativeASIN=4844397508,スタートアップ,<IsAdultProduct>0</IsAdultProduct>
54,GE 巨人の復活 シリコンバレー式「デジタル製造業」への挑戦,中田 敦,日経BP社,9784822255114,,"￥ 1,728",https://images-fe.ssl-images-amazon.com/images/I/51WNNoVvscL.jpg,68303,,https://www.amazon.co.jp/GE-%E5%B7%A8%E4%BA%BA%E3%81%AE%E5%BE%A9%E6%B4%BB-%E3%82%B7%E3%83%AA%E3%82%B3%E3%83%B3%E3%83%90%E3%83%AC%E3%83%BC%E5%BC%8F%E3%80%8C%E3%83%87%E3%82%B8%E3%82%BF%E3%83%AB%E8%A3%BD%E9%80%A0%E6%A5%AD%E3%80%8D%E3%81%B8%E3%81%AE%E6%8C%91%E6%88%A6-%E4%B8%AD%E7%94%B0-%E6%95%A6/dp/4822255115?SubscriptionId=AKIAJ645GOWXP5XNXMSA&tag=suiseki-22&linkCode=xm2&camp=2025&creative=165953&creativeASIN=4822255115,スタートアップ,<IsAdultProduct>0</IsAdultProduct>
0,会社は伸びてるときに売りなさい。〜イグジットする起業家たち〜,島袋 直樹,クロスメディア・パブリッシング(インプレス),9784295402060,2018-08-02,"￥ 1,598",https://images-fe.ssl-images-amazon.com/images/I/51Dk6CnyQmL.jpg,69625,,https://www.amazon.co.jp/%E4%BC%9A%E7%A4%BE%E3%81%AF%E4%BC%B8%E3%81%B3%E3%81%A6%E3%82%8B%E3%81%A8%E3%81%8D%E3%81%AB%E5%A3%B2%E3%82%8A%E3%81%AA%E3%81%95%E3%81%84%E3%80%82%E3%80%9C%E3%82%A4%E3%82%B0%E3%82%B8%E3%83%83%E3%83%88%E3%81%99%E3%82%8B%E8%B5%B7%E6%A5%AD%E5%AE%B6%E3%81%9F%E3%81%A1%E3%80%9C-%E5%B3%B6%E8%A2%8B-%E7%9B%B4%E6%A8%B9/dp/4295402060?SubscriptionId=AKIAJ645GOWXP5XNXMSA&tag=suiseki-22&linkCode=xm2&camp=2025&creative=165953&creativeASIN=4295402060,スタートアップ,<IsAdultProduct>0</IsAdultProduct>
51,場のデザインを仕事にする: 建築×不動産×テクノロジーでつくる未来,中村 真広,学芸出版社,9784761513665,,"￥ 1,944",https://images-fe.ssl-images-amazon.com/images/I/51Pjs51kedL.jpg,69701,,https://www.amazon.co.jp/%E5%A0%B4%E3%81%AE%E3%83%87%E3%82%B6%E3%82%A4%E3%83%B3%E3%82%92%E4%BB%95%E4%BA%8B%E3%81%AB%E3%81%99%E3%82%8B-%E5%BB%BA%E7%AF%89%C3%97%E4%B8%8D%E5%8B%95%E7%94%A3%C3%97%E3%83%86%E3%82%AF%E3%83%8E%E3%83%AD%E3%82%B8%E3%83%BC%E3%81%A7%E3%81%A4%E3%81%8F%E3%82%8B%E6%9C%AA%E6%9D%A5-%E4%B8%AD%E6%9D%91-%E7%9C%9F%E5%BA%83/dp/4761513667?SubscriptionId=AKIAJ645GOWXP5XNXMSA&tag=suiseki-22&linkCode=xm2&camp=2025&creative=165953&creativeASIN=4761513667,スタートアップ,<IsAdultProduct>0</IsAdultProduct>
44,次世代リーダーを育て、新規事業を生み出す〈リクルート流〉イノベーション研修全技法,井上 功,ディスカヴァー・トゥエンティワン,9784799321577,2017-08-26,"￥ 2,160",https://images-fe.ssl-images-amazon.com/images/I/51KRMZzx6aL.jpg,70403,,https://www.amazon.co.jp/%E6%AC%A1%E4%B8%96%E4%BB%A3%E3%83%AA%E3%83%BC%E3%83%80%E3%83%BC%E3%82%92%E8%82%B2%E3%81%A6%E3%80%81%E6%96%B0%E8%A6%8F%E4%BA%8B%E6%A5%AD%E3%82%92%E7%94%9F%E3%81%BF%E5%87%BA%E3%81%99%E3%80%88%E3%83%AA%E3%82%AF%E3%83%AB%E3%83%BC%E3%83%88%E6%B5%81%E3%80%89%E3%82%A4%E3%83%8E%E3%83%99%E3%83%BC%E3%82%B7%E3%83%A7%E3%83%B3%E7%A0%94%E4%BF%AE%E5%85%A8%E6%8A%80%E6%B3%95-%E4%BA%95%E4%B8%8A-%E5%8A%9F/dp/4799321579?SubscriptionId=AKIAJ645GOWXP5XNXMSA&tag=suiseki-22&linkCode=xm2&camp=2025&creative=165953&creativeASIN=4799321579,スタートアップ,<IsAdultProduct>0</IsAdultProduct>
36,STARTUP STUDIO 連続してイノベーションを生む「ハリウッド型」プロ集団,アッティラ・シゲティ,日経BP社,9784822255398,,"￥ 1,944",https://images-fe.ssl-images-amazon.com/images/I/51ac1ejcTNL.jpg,71021,,https://www.amazon.co.jp/STARTUP-STUDIO-%E9%80%A3%E7%B6%9A%E3%81%97%E3%81%A6%E3%82%A4%E3%83%8E%E3%83%99%E3%83%BC%E3%82%B7%E3%83%A7%E3%83%B3%E3%82%92%E7%94%9F%E3%82%80%E3%80%8C%E3%83%8F%E3%83%AA%E3%82%A6%E3%83%83%E3%83%89%E5%9E%8B%E3%80%8D%E3%83%97%E3%83%AD%E9%9B%86%E5%9B%A3-%E3%82%A2%E3%83%83%E3%83%86%E3%82%A3%E3%83%A9%E3%83%BB%E3%82%B7%E3%82%B2%E3%83%86%E3%82%A3/dp/4822255395?SubscriptionId=AKIAJ645GOWXP5XNXMSA&tag=suiseki-22&linkCode=xm2&camp=2025&creative=165953&creativeASIN=4822255395,スタートアップ,<IsAdultProduct>0</IsAdultProduct>
50,マンガで学ぶ 経営学スタートアップ! (コミックディクショナリーシリーズ),五十嵐雅郎,中央経済社,9784502229213,,"￥ 2,052",https://images-fe.ssl-images-amazon.com/images/I/51pkzy7Nx8L.jpg,74737,,https://www.amazon.co.jp/%E3%83%9E%E3%83%B3%E3%82%AC%E3%81%A7%E5%AD%A6%E3%81%B6-%E7%B5%8C%E5%96%B6%E5%AD%A6%E3%82%B9%E3%82%BF%E3%83%BC%E3%83%88%E3%82%A2%E3%83%83%E3%83%97-%E3%82%B3%E3%83%9F%E3%83%83%E3%82%AF%E3%83%87%E3%82%A3%E3%82%AF%E3%82%B7%E3%83%A7%E3%83%8A%E3%83%AA%E3%83%BC%E3%82%B7%E3%83%AA%E3%83%BC%E3%82%BA-%E4%BA%94%E5%8D%81%E5%B5%90%E9%9B%85%E9%83%8E/dp/4502229210?SubscriptionId=AKIAJ645GOWXP5XNXMSA&tag=suiseki-22&linkCode=xm2&camp=2025&creative=165953&creativeASIN=4502229210,スタートアップ,<IsAdultProduct>0</IsAdultProduct>
40,はたらくきほん100 毎日がスタートアップ,松浦弥太郎,マガジンハウス,9784838729562,,"￥ 1,620",https://images-fe.ssl-images-amazon.com/images/I/51iIPjmntFL.jpg,74946,,https://www.amazon.co.jp/%E3%81%AF%E3%81%9F%E3%82%89%E3%81%8F%E3%81%8D%E3%81%BB%E3%82%93100-%E6%AF%8E%E6%97%A5%E3%81%8C%E3%82%B9%E3%82%BF%E3%83%BC%E3%83%88%E3%82%A2%E3%83%83%E3%83%97-%E6%9D%BE%E6%B5%A6%E5%BC%A5%E5%A4%AA%E9%83%8E/dp/4838729561?SubscriptionId=AKIAJ645GOWXP5XNXMSA&tag=suiseki-22&linkCode=xm2&camp=2025&creative=165953&creativeASIN=4838729561,スタートアップ,<IsAdultProduct>0</IsAdultProduct>
48,FinTechの法律 2017-2018 (日経FinTech選書),森・濱田松本法律事務所 増島雅和,日経BP社,9784822259334,,"￥ 2,916",https://images-fe.ssl-images-amazon.com/images/I/51D%2BwHkST0L.jpg,85552,,https://www.amazon.co.jp/FinTech%E3%81%AE%E6%B3%95%E5%BE%8B-2017-2018-%E6%97%A5%E7%B5%8CFinTech%E9%81%B8%E6%9B%B8-%E6%A3%AE%E3%83%BB%E6%BF%B1%E7%94%B0%E6%9D%BE%E6%9C%AC%E6%B3%95%E5%BE%8B%E4%BA%8B%E5%8B%99%E6%89%80-%E5%A2%97%E5%B3%B6%E9%9B%85%E5%92%8C/dp/4822259331?SubscriptionId=AKIAJ645GOWXP5XNXMSA&tag=suiseki-22&linkCode=xm2&camp=2025&creative=165953&creativeASIN=4822259331,スタートアップ,<IsAdultProduct>0</IsAdultProduct>
81,起業ナビゲーター,菅野 健一,東洋経済新報社,9784492533741,,"￥ 3,024",https://images-fe.ssl-images-amazon.com/images/I/31n2aaymlfL.jpg,93618,,https://www.amazon.co.jp/%E8%B5%B7%E6%A5%AD%E3%83%8A%E3%83%93%E3%82%B2%E3%83%BC%E3%82%BF%E3%83%BC-%E8%8F%85%E9%87%8E-%E5%81%A5%E4%B8%80/dp/4492533745?SubscriptionId=AKIAJ645GOWXP5XNXMSA&tag=suiseki-22&linkCode=xm2&camp=2025&creative=165953&creativeASIN=4492533745,スタートアップ,<IsAdultProduct>0</IsAdultProduct>
27,農業からあらゆる産業をIoTでつなぎまくる、NTTドコモアグリガールの突破力,NTTドコモ IoTデザインプロジェクトチーム,日経BP社,9784822258948,,"￥ 1,728",https://images-fe.ssl-images-amazon.com/images/I/51g2WtNvd3L.jpg,117427,,https://www.amazon.co.jp/%E8%BE%B2%E6%A5%AD%E3%81%8B%E3%82%89%E3%81%82%E3%82%89%E3%82%86%E3%82%8B%E7%94%A3%E6%A5%AD%E3%82%92IoT%E3%81%A7%E3%81%A4%E3%81%AA%E3%81%8E%E3%81%BE%E3%81%8F%E3%82%8B%E3%80%81NTT%E3%83%89%E3%82%B3%E3%83%A2%E3%82%A2%E3%82%B0%E3%83%AA%E3%82%AC%E3%83%BC%E3%83%AB%E3%81%AE%E7%AA%81%E7%A0%B4%E5%8A%9B-NTT%E3%83%89%E3%82%B3%E3%83%A2-IoT%E3%83%87%E3%82%B6%E3%82%A4%E3%83%B3%E3%83%97%E3%83%AD%E3%82%B8%E3%82%A7%E3%82%AF%E3%83%88%E3%83%81%E3%83%BC%E3%83%A0/dp/4822258947?SubscriptionId=AKIAJ645GOWXP5XNXMSA&tag=suiseki-22&linkCode=xm2&camp=2025&creative=165953&creativeASIN=4822258947,スタートアップ,<IsAdultProduct>0</IsAdultProduct>
15,全米最速成長企業のCEO直伝 365日スタートアップ大作戦!,レット・パワー,CCCメディアハウス,9784484181028,,"￥ 1,944",https://images-fe.ssl-images-amazon.com/images/I/51TKnR7rcTL.jpg,130891,,https://www.amazon.co.jp/%E5%85%A8%E7%B1%B3%E6%9C%80%E9%80%9F%E6%88%90%E9%95%B7%E4%BC%81%E6%A5%AD%E3%81%AECEO%E7%9B%B4%E4%BC%9D-365%E6%97%A5%E3%82%B9%E3%82%BF%E3%83%BC%E3%83%88%E3%82%A2%E3%83%83%E3%83%97%E5%A4%A7%E4%BD%9C%E6%88%A6-%E3%83%AC%E3%83%83%E3%83%88%E3%83%BB%E3%83%91%E3%83%AF%E3%83%BC/dp/4484181029?SubscriptionId=AKIAJ645GOWXP5XNXMSA&tag=suiseki-22&linkCode=xm2&camp=2025&creative=165953&creativeASIN=4484181029,スタートアップ,<IsAdultProduct>0</IsAdultProduct>
26,実践FinTech フィンテック革命の戦士たち (日経ムック),北尾 吉孝,日本経済新聞出版社,9784532182502,2017-12-26,"￥ 1,512",https://images-fe.ssl-images-amazon.com/images/I/51GayNHkFgL.jpg,138096,,https://www.amazon.co.jp/%E5%AE%9F%E8%B7%B5FinTech-%E3%83%95%E3%82%A3%E3%83%B3%E3%83%86%E3%83%83%E3%82%AF%E9%9D%A9%E5%91%BD%E3%81%AE%E6%88%A6%E5%A3%AB%E3%81%9F%E3%81%A1-%E6%97%A5%E7%B5%8C%E3%83%A0%E3%83%83%E3%82%AF-%E5%8C%97%E5%B0%BE-%E5%90%89%E5%AD%9D/dp/4532182506?SubscriptionId=AKIAJ645GOWXP5XNXMSA&tag=suiseki-22&linkCode=xm2&camp=2025&creative=165953&creativeASIN=4532182506,スタートアップ,<IsAdultProduct>0</IsAdultProduct>
63,仮想通貨とブロックチェーン (日経文庫),木ノ内 敏久,日本経済新聞出版社,9784532113759,,￥ 972,https://images-fe.ssl-images-amazon.com/images/I/51YeN6vHAyL.jpg,139407,,https://www.amazon.co.jp/%E4%BB%AE%E6%83%B3%E9%80%9A%E8%B2%A8%E3%81%A8%E3%83%96%E3%83%AD%E3%83%83%E3%82%AF%E3%83%81%E3%82%A7%E3%83%BC%E3%83%B3-%E6%97%A5%E7%B5%8C%E6%96%87%E5%BA%AB-%E6%9C%A8%E3%83%8E%E5%86%85-%E6%95%8F%E4%B9%85/dp/453211375X?SubscriptionId=AKIAJ645GOWXP5XNXMSA&tag=suiseki-22&linkCode=xm2&camp=2025&creative=165953&creativeASIN=453211375X,スタートアップ,<IsAdultProduct>0</IsAdultProduct>
80,起業家のように考える。―ゼロからはじめるビジネス成功の方程式,田原 総一朗,プレジデント社,9784833451116,,"￥ 1,620",https://images-fe.ssl-images-amazon.com/images/I/51LlH0qei7L.jpg,139563,,https://www.amazon.co.jp/%E8%B5%B7%E6%A5%AD%E5%AE%B6%E3%81%AE%E3%82%88%E3%81%86%E3%81%AB%E8%80%83%E3%81%88%E3%82%8B%E3%80%82%E2%80%95%E3%82%BC%E3%83%AD%E3%81%8B%E3%82%89%E3%81%AF%E3%81%98%E3%82%81%E3%82%8B%E3%83%93%E3%82%B8%E3%83%8D%E3%82%B9%E6%88%90%E5%8A%9F%E3%81%AE%E6%96%B9%E7%A8%8B%E5%BC%8F-%E7%94%B0%E5%8E%9F-%E7%B7%8F%E4%B8%80%E6%9C%97/dp/4833451115?SubscriptionId=AKIAJ645GOWXP5XNXMSA&tag=suiseki-22&linkCode=xm2&camp=2025&creative=165953&creativeASIN=4833451115,スタートアップ,<IsAdultProduct>0</IsAdultProduct>
21,ぼくらの未来をつくる仕事,豊田 剛一郎,かんき出版,9784761273088,,"￥ 1,512",https://images-fe.ssl-images-amazon.com/images/I/51NYHSulMfL.jpg,140916,,https://www.amazon.co.jp/%E3%81%BC%E3%81%8F%E3%82%89%E3%81%AE%E6%9C%AA%E6%9D%A5%E3%82%92%E3%81%A4%E3%81%8F%E3%82%8B%E4%BB%95%E4%BA%8B-%E8%B1%8A%E7%94%B0-%E5%89%9B%E4%B8%80%E9%83%8E/dp/4761273089?SubscriptionId=AKIAJ645GOWXP5XNXMSA&tag=suiseki-22&linkCode=xm2&camp=2025&creative=165953&creativeASIN=4761273089,スタートアップ,<IsAdultProduct>0</IsAdultProduct>
9,デジタル・ワークシフトーマーケティングを変えるキーワード30,栗木 契,産学社,9784782534939,2018-04-15,"￥ 2,376",https://images-fe.ssl-images-amazon.com/images/I/517FvmnNmkL.jpg,147371,,https://www.amazon.co.jp/%E3%83%87%E3%82%B8%E3%82%BF%E3%83%AB%E3%83%BB%E3%83%AF%E3%83%BC%E3%82%AF%E3%82%B7%E3%83%95%E3%83%88%E3%83%BC%E3%83%9E%E3%83%BC%E3%82%B1%E3%83%86%E3%82%A3%E3%83%B3%E3%82%B0%E3%82%92%E5%A4%89%E3%81%88%E3%82%8B%E3%82%AD%E3%83%BC%E3%83%AF%E3%83%BC%E3%83%8930-%E6%A0%97%E6%9C%A8-%E5%A5%91/dp/4782534930?SubscriptionId=AKIAJ645GOWXP5XNXMSA&tag=suiseki-22&linkCode=xm2&camp=2025&creative=165953&creativeASIN=4782534930,スタートアップ,<IsAdultProduct>0</IsAdultProduct>
78,「経営の定石」の失敗学 傾く企業の驚くべき共通点,小林 忍,ディスカヴァー・トゥエンティワン,9784799320181,2016-12-23,"￥ 1,676",https://images-fe.ssl-images-amazon.com/images/I/51kr%2B62wzkL.jpg,152017,,https://www.amazon.co.jp/%E3%80%8C%E7%B5%8C%E5%96%B6%E3%81%AE%E5%AE%9A%E7%9F%B3%E3%80%8D%E3%81%AE%E5%A4%B1%E6%95%97%E5%AD%A6-%E5%82%BE%E3%81%8F%E4%BC%81%E6%A5%AD%E3%81%AE%E9%A9%9A%E3%81%8F%E3%81%B9%E3%81%8D%E5%85%B1%E9%80%9A%E7%82%B9-%E5%B0%8F%E6%9E%97-%E5%BF%8D/dp/4799320181?SubscriptionId=AKIAJ645GOWXP5XNXMSA&tag=suiseki-22&linkCode=xm2&camp=2025&creative=165953&creativeASIN=4799320181,スタートアップ,<IsAdultProduct>0</IsAdultProduct>
55,スタートアップ・バブル 愚かな投資家と幼稚な起業家,ダン・ライオンズ,講談社,9784062205887,,"￥ 1,687",https://images-fe.ssl-images-amazon.com/images/I/51y1qIsdQWL.jpg,158222,,https://www.amazon.co.jp/%E3%82%B9%E3%82%BF%E3%83%BC%E3%83%88%E3%82%A2%E3%83%83%E3%83%97%E3%83%BB%E3%83%90%E3%83%96%E3%83%AB-%E6%84%9A%E3%81%8B%E3%81%AA%E6%8A%95%E8%B3%87%E5%AE%B6%E3%81%A8%E5%B9%BC%E7%A8%9A%E3%81%AA%E8%B5%B7%E6%A5%AD%E5%AE%B6-%E3%83%80%E3%83%B3%E3%83%BB%E3%83%A9%E3%82%A4%E3%82%AA%E3%83%B3%E3%82%BA/dp/4062205882?SubscriptionId=AKIAJ645GOWXP5XNXMSA&tag=suiseki-22&linkCode=xm2&camp=2025&creative=165953&creativeASIN=4062205882,スタートアップ,<IsAdultProduct>0</IsAdultProduct>
68,通勤時間で攻める! 中小企業診断士スタートアップ一問一答集,綾部貴淑,中央経済社,9784502217418,,"￥ 2,376",https://images-fe.ssl-images-amazon.com/images/I/51regCtJRXL.jpg,158331,,https://www.amazon.co.jp/%E9%80%9A%E5%8B%A4%E6%99%82%E9%96%93%E3%81%A7%E6%94%BB%E3%82%81%E3%82%8B-%E4%B8%AD%E5%B0%8F%E4%BC%81%E6%A5%AD%E8%A8%BA%E6%96%AD%E5%A3%AB%E3%82%B9%E3%82%BF%E3%83%BC%E3%83%88%E3%82%A2%E3%83%83%E3%83%97%E4%B8%80%E5%95%8F%E4%B8%80%E7%AD%94%E9%9B%86-%E7%B6%BE%E9%83%A8%E8%B2%B4%E6%B7%91/dp/4502217417?SubscriptionId=AKIAJ645GOWXP5XNXMSA&tag=suiseki-22&linkCode=xm2&camp=2025&creative=165953&creativeASIN=4502217417,スタートアップ,<IsAdultProduct>0</IsAdultProduct>
47,マンガで学ぶ 会計学スタートアップ! (コミックディクショナリーシリーズ),階戸照雄,中央経済社,9784502229619,,"￥ 2,052",https://images-fe.ssl-images-amazon.com/images/I/51a9HQ4oCUL.jpg,184979,,https://www.amazon.co.jp/%E3%83%9E%E3%83%B3%E3%82%AC%E3%81%A7%E5%AD%A6%E3%81%B6-%E4%BC%9A%E8%A8%88%E5%AD%A6%E3%82%B9%E3%82%BF%E3%83%BC%E3%83%88%E3%82%A2%E3%83%83%E3%83%97-%E3%82%B3%E3%83%9F%E3%83%83%E3%82%AF%E3%83%87%E3%82%A3%E3%82%AF%E3%82%B7%E3%83%A7%E3%83%8A%E3%83%AA%E3%83%BC%E3%82%B7%E3%83%AA%E3%83%BC%E3%82%BA-%E9%9A%8E%E6%88%B8%E7%85%A7%E9%9B%84/dp/450222961X?SubscriptionId=AKIAJ645GOWXP5XNXMSA&tag=suiseki-22&linkCode=xm2&camp=2025&creative=165953&creativeASIN=450222961X,スタートアップ,<IsAdultProduct>0</IsAdultProduct>
31,STARTUP(スタートアップ) 起業家のリアル,村山 恵一,日本経済新聞出版社,9784532321673,,"￥ 1,512",https://images-fe.ssl-images-amazon.com/images/I/41lNsNuygQL.jpg,190557,,https://www.amazon.co.jp/STARTUP-%E3%82%B9%E3%82%BF%E3%83%BC%E3%83%88%E3%82%A2%E3%83%83%E3%83%97-%E8%B5%B7%E6%A5%AD%E5%AE%B6%E3%81%AE%E3%83%AA%E3%82%A2%E3%83%AB-%E6%9D%91%E5%B1%B1-%E6%81%B5%E4%B8%80/dp/4532321670?SubscriptionId=AKIAJ645GOWXP5XNXMSA&tag=suiseki-22&linkCode=xm2&camp=2025&creative=165953&creativeASIN=4532321670,スタートアップ,<IsAdultProduct>0</IsAdultProduct>
79,Ruby on Rails 5 超入門,掌田津耶乃,秀和システム,9784798048321,,"￥ 2,916",https://images-fe.ssl-images-amazon.com/images/I/51Wc1BvN%2BvL.jpg,200207,,https://www.amazon.co.jp/Ruby-Rails-5-%E8%B6%85%E5%85%A5%E9%96%80-%E6%8E%8C%E7%94%B0%E6%B4%A5%E8%80%B6%E4%B9%83/dp/4798048321?SubscriptionId=AKIAJ645GOWXP5XNXMSA&tag=suiseki-22&linkCode=xm2&camp=2025&creative=165953&creativeASIN=4798048321,スタートアップ,<IsAdultProduct>0</IsAdultProduct>
38,ユダヤ 知的創造のルーツ~超一流を育てる不屈の精神+究極の習慣,石角完爾,大和書房,9784479795995,,"￥ 1,728",https://images-fe.ssl-images-amazon.com/images/I/516WD9PP7jL.jpg,205826,,https://www.amazon.co.jp/%E3%83%A6%E3%83%80%E3%83%A4-%E7%9F%A5%E7%9A%84%E5%89%B5%E9%80%A0%E3%81%AE%E3%83%AB%E3%83%BC%E3%83%84~%E8%B6%85%E4%B8%80%E6%B5%81%E3%82%92%E8%82%B2%E3%81%A6%E3%82%8B%E4%B8%8D%E5%B1%88%E3%81%AE%E7%B2%BE%E7%A5%9E-%E7%A9%B6%E6%A5%B5%E3%81%AE%E7%BF%92%E6%85%A3-%E7%9F%B3%E8%A7%92%E5%AE%8C%E7%88%BE/dp/4479795995?SubscriptionId=AKIAJ645GOWXP5XNXMSA&tag=suiseki-22&linkCode=xm2&camp=2025&creative=165953&creativeASIN=4479795995,スタートアップ,<IsAdultProduct>0</IsAdultProduct>
17,スタートアップ会計学,上野 清貴,同文舘出版,9784495203221,,"￥ 2,700",https://images-fe.ssl-images-amazon.com/images/I/41wCMkwQZPL.jpg,213993,,https://www.amazon.co.jp/%E3%82%B9%E3%82%BF%E3%83%BC%E3%83%88%E3%82%A2%E3%83%83%E3%83%97%E4%BC%9A%E8%A8%88%E5%AD%A6-%E4%B8%8A%E9%87%8E-%E6%B8%85%E8%B2%B4/dp/4495203223?SubscriptionId=AKIAJ645GOWXP5XNXMSA&tag=suiseki-22&linkCode=xm2&camp=2025&creative=165953&creativeASIN=4495203223,スタートアップ,<IsAdultProduct>0</IsAdultProduct>
10,シリコンバレー式 最高のイノベーション,スティーブン・S・ホフマン,ダイヤモンド社,9784478103876,,"￥ 1,000",https://images-fe.ssl-images-amazon.com/images/I/51JCyMOdnaL.jpg,214772,,https://www.amazon.co.jp/%E3%82%B7%E3%83%AA%E3%82%B3%E3%83%B3%E3%83%90%E3%83%AC%E3%83%BC%E5%BC%8F-%E6%9C%80%E9%AB%98%E3%81%AE%E3%82%A4%E3%83%8E%E3%83%99%E3%83%BC%E3%82%B7%E3%83%A7%E3%83%B3-%E3%82%B9%E3%83%86%E3%82%A3%E3%83%BC%E3%83%96%E3%83%B3%E3%83%BBS%E3%83%BB%E3%83%9B%E3%83%95%E3%83%9E%E3%83%B3/dp/4478103879?SubscriptionId=AKIAJ645GOWXP5XNXMSA&tag=suiseki-22&linkCode=xm2&camp=2025&creative=165953&creativeASIN=4478103879,スタートアップ,<IsAdultProduct>0</IsAdultProduct>
43,ミライを変えるモノづくりベンチャーのはじめ方,丸 幸弘,実務教育出版,9784788914452,,"￥ 1,728",https://images-fe.ssl-images-amazon.com/images/I/51hOHyb%2Bs1L.jpg,227687,,https://www.amazon.co.jp/%E3%83%9F%E3%83%A9%E3%82%A4%E3%82%92%E5%A4%89%E3%81%88%E3%82%8B%E3%83%A2%E3%83%8E%E3%81%A5%E3%81%8F%E3%82%8A%E3%83%99%E3%83%B3%E3%83%81%E3%83%A3%E3%83%BC%E3%81%AE%E3%81%AF%E3%81%98%E3%82%81%E6%96%B9-%E4%B8%B8-%E5%B9%B8%E5%BC%98/dp/478891445X?SubscriptionId=AKIAJ645GOWXP5XNXMSA&tag=suiseki-22&linkCode=xm2&camp=2025&creative=165953&creativeASIN=478891445X,スタートアップ,<IsAdultProduct>0</IsAdultProduct>
76,スタートアップの方程式,スティーブン・フィッシャー/ジャ＝ネイ・デュアン,ダイレクト出版,9784866220246,,"￥ 4,980",https://images-fe.ssl-images-amazon.com/images/I/41qDhfU1eAL.jpg,230479,このレッスンで学ぶこと ● スタートアップ企業になるための要件 ● 最速でスタートアップするための秘訣 ● スタートアップ企業を維持するための条件,https://www.amazon.co.jp/%E3%82%B9%E3%82%BF%E3%83%BC%E3%83%88%E3%82%A2%E3%83%83%E3%83%97%E3%81%AE%E6%96%B9%E7%A8%8B%E5%BC%8F-%E3%82%B9%E3%83%86%E3%82%A3%E3%83%BC%E3%83%96%E3%83%B3%E3%83%BB%E3%83%95%E3%82%A3%E3%83%83%E3%82%B7%E3%83%A3%E3%83%BC-%E3%82%B8%E3%83%A3%EF%BC%9D%E3%83%8D%E3%82%A4%E3%83%BB%E3%83%87%E3%83%A5%E3%82%A2%E3%83%B3/dp/4866220244?SubscriptionId=AKIAJ645GOWXP5XNXMSA&tag=suiseki-22&linkCode=xm2&camp=2025&creative=165953&creativeASIN=4866220244,スタートアップ,<IsAdultProduct>0</IsAdultProduct>
41,ビジネスモデル症候群 ~なぜ、スタートアップの失敗は繰り返されるのか?,和波 俊久,技術評論社,9784774192161,,"￥ 1,814",https://images-fe.ssl-images-amazon.com/images/I/51NUYtn5exL.jpg,270385,,https://www.amazon.co.jp/%E3%83%93%E3%82%B8%E3%83%8D%E3%82%B9%E3%83%A2%E3%83%87%E3%83%AB%E7%97%87%E5%80%99%E7%BE%A4-~%E3%81%AA%E3%81%9C%E3%80%81%E3%82%B9%E3%82%BF%E3%83%BC%E3%83%88%E3%82%A2%E3%83%83%E3%83%97%E3%81%AE%E5%A4%B1%E6%95%97%E3%81%AF%E7%B9%B0%E3%82%8A%E8%BF%94%E3%81%95%E3%82%8C%E3%82%8B%E3%81%AE%E3%81%8B-%E5%92%8C%E6%B3%A2-%E4%BF%8A%E4%B9%85/dp/4774192163?SubscriptionId=AKIAJ645GOWXP5XNXMSA&tag=suiseki-22&linkCode=xm2&camp=2025&creative=165953&creativeASIN=4774192163,スタートアップ,<IsAdultProduct>0</IsAdultProduct>
60,IoTシステム開発スタートアップ プロトタイプで全レイヤをつなぐ,吉澤 穂積,リックテレコム,9784865940947,,"￥ 2,808",https://images-fe.ssl-images-amazon.com/images/I/61EVjed1PLL.jpg,296994,,https://www.amazon.co.jp/IoT%E3%82%B7%E3%82%B9%E3%83%86%E3%83%A0%E9%96%8B%E7%99%BA%E3%82%B9%E3%82%BF%E3%83%BC%E3%83%88%E3%82%A2%E3%83%83%E3%83%97-%E3%83%97%E3%83%AD%E3%83%88%E3%82%BF%E3%82%A4%E3%83%97%E3%81%A7%E5%85%A8%E3%83%AC%E3%82%A4%E3%83%A4%E3%82%92%E3%81%A4%E3%81%AA%E3%81%90-%E5%90%89%E6%BE%A4-%E7%A9%82%E7%A9%8D/dp/4865940944?SubscriptionId=AKIAJ645GOWXP5XNXMSA&tag=suiseki-22&linkCode=xm2&camp=2025&creative=165953&creativeASIN=4865940944,スタートアップ,<IsAdultProduct>0</IsAdultProduct>
64,20 under 20 答えがない難問に挑むシリコンバレーの人々,アレクサンドラ・ウルフ,日経BP社,9784822255121,,"￥ 1,944",https://images-fe.ssl-images-amazon.com/images/I/510Y02lRoEL.jpg,318728,,https://www.amazon.co.jp/20-under-%E7%AD%94%E3%81%88%E3%81%8C%E3%81%AA%E3%81%84%E9%9B%A3%E5%95%8F%E3%81%AB%E6%8C%91%E3%82%80%E3%82%B7%E3%83%AA%E3%82%B3%E3%83%B3%E3%83%90%E3%83%AC%E3%83%BC%E3%81%AE%E4%BA%BA%E3%80%85-%E3%82%A2%E3%83%AC%E3%82%AF%E3%82%B5%E3%83%B3%E3%83%89%E3%83%A9%E3%83%BB%E3%82%A6%E3%83%AB%E3%83%95/dp/4822255123?SubscriptionId=AKIAJ645GOWXP5XNXMSA&tag=suiseki-22&linkCode=xm2&camp=2025&creative=165953&creativeASIN=4822255123,スタートアップ,<IsAdultProduct>0</IsAdultProduct>
28,スタートアップで働くということ――起業家ではなく参加者(ジョイナー)として会社を立ち上げる,ジェフリー・バスギャング,ダイヤモンド社,9784478104477,,"￥ 1,620",https://images-fe.ssl-images-amazon.com/images/I/51-vt3gWiqL.jpg,332448,,https://www.amazon.co.jp/%E3%82%B9%E3%82%BF%E3%83%BC%E3%83%88%E3%82%A2%E3%83%83%E3%83%97%E3%81%A7%E5%83%8D%E3%81%8F%E3%81%A8%E3%81%84%E3%81%86%E3%81%93%E3%81%A8%E2%80%95%E2%80%95%E8%B5%B7%E6%A5%AD%E5%AE%B6%E3%81%A7%E3%81%AF%E3%81%AA%E3%81%8F%E5%8F%82%E5%8A%A0%E8%80%85-%E3%82%B8%E3%83%A7%E3%82%A4%E3%83%8A%E3%83%BC-%E3%81%A8%E3%81%97%E3%81%A6%E4%BC%9A%E7%A4%BE%E3%82%92%E7%AB%8B%E3%81%A1%E4%B8%8A%E3%81%92%E3%82%8B-%E3%82%B8%E3%82%A7%E3%83%95%E3%83%AA%E3%83%BC%E3%83%BB%E3%83%90%E3%82%B9%E3%82%AE%E3%83%A3%E3%83%B3%E3%82%B0/dp/4478104476?SubscriptionId=AKIAJ645GOWXP5XNXMSA&tag=suiseki-22&linkCode=xm2&camp=2025&creative=165953&creativeASIN=4478104476,スタートアップ,<IsAdultProduct>0</IsAdultProduct>
73,Parallels Desktop 12 for Macスタートアップガイド,向井領治,ラトルズ,9784899774587,,"￥ 1,500",https://images-fe.ssl-images-amazon.com/images/I/51%2BHioXnqYL.jpg,363686,,https://www.amazon.co.jp/Parallels-Desktop-12-Mac%E3%82%B9%E3%82%BF%E3%83%BC%E3%83%88%E3%82%A2%E3%83%83%E3%83%97%E3%82%AC%E3%82%A4%E3%83%89-%E5%90%91%E4%BA%95%E9%A0%98%E6%B2%BB/dp/4899774583?SubscriptionId=AKIAJ645GOWXP5XNXMSA&tag=suiseki-22&linkCode=xm2&camp=2025&creative=165953&creativeASIN=4899774583,スタートアップ,<IsAdultProduct>0</IsAdultProduct>
52,天使のスタートアップ (星海社FICTIONS),水沢 あきと,講談社,9784061399686,,"￥ 1,404",https://images-fe.ssl-images-amazon.com/images/I/51GuYISKRxL.jpg,427235,,https://www.amazon.co.jp/%E5%A4%A9%E4%BD%BF%E3%81%AE%E3%82%B9%E3%82%BF%E3%83%BC%E3%83%88%E3%82%A2%E3%83%83%E3%83%97-%E6%98%9F%E6%B5%B7%E7%A4%BEFICTIONS-%E6%B0%B4%E6%B2%A2-%E3%81%82%E3%81%8D%E3%81%A8/dp/4061399683?SubscriptionId=AKIAJ645GOWXP5XNXMSA&tag=suiseki-22&linkCode=xm2&camp=2025&creative=165953&creativeASIN=4061399683,スタートアップ,<IsAdultProduct>0</IsAdultProduct>
71,教師が20代までに身につけておきたいスタートアップスキル「なんで学級経営がうまくいかないのか」を解決する法則　－基礎編　最初に読みたい51の法則－,向山洋一,東京教育技術研究所,9784906938384,,"￥ 1,600",https://images-fe.ssl-images-amazon.com/images/I/61-CxYtafDL.jpg,443584,「学級経営がうまくいかない」「いじめにどう対応したらいいのかわからない」etc.。<br>そんないろいろな悩みを解決できる1冊です。<br> 基礎編は、新卒教師がまず覚えなければならないスキルから、学級経営の心得までをまとめました。<br> 向山洋一の文章と前田康裕氏の漫画、そして、現場の教師の体験談と内容は盛りだくさんです。<br> 若手教師、教師を志す学生におすすめです。,https://www.amazon.co.jp/%E6%95%99%E5%B8%AB%E3%81%8C20%E4%BB%A3%E3%81%BE%E3%81%A7%E3%81%AB%E8%BA%AB%E3%81%AB%E3%81%A4%E3%81%91%E3%81%A6%E3%81%8A%E3%81%8D%E3%81%9F%E3%81%84%E3%82%B9%E3%82%BF%E3%83%BC%E3%83%88%E3%82%A2%E3%83%83%E3%83%97%E3%82%B9%E3%82%AD%E3%83%AB%E3%80%8C%E3%81%AA%E3%82%93%E3%81%A7%E5%AD%A6%E7%B4%9A%E7%B5%8C%E5%96%B6%E3%81%8C%E3%81%86%E3%81%BE%E3%81%8F%E3%81%84%E3%81%8B%E3%81%AA%E3%81%84%E3%81%AE%E3%81%8B%E3%80%8D%E3%82%92%E8%A7%A3%E6%B1%BA%E3%81%99%E3%82%8B%E6%B3%95%E5%89%87-%EF%BC%8D%E5%9F%BA%E7%A4%8E%E7%B7%A8-%E6%9C%80%E5%88%9D%E3%81%AB%E8%AA%AD%E3%81%BF%E3%81%9F%E3%81%8451%E3%81%AE%E6%B3%95%E5%89%87%EF%BC%8D-%E5%90%91%E5%B1%B1%E6%B4%8B%E4%B8%80/dp/4906938388?SubscriptionId=AKIAJ645GOWXP5XNXMSA&tag=suiseki-22&linkCode=xm2&camp=2025&creative=165953&creativeASIN=4906938388,スタートアップ,<IsAdultProduct>0</IsAdultProduct>
53,テノヒラ幕府株式会社 (講談社文庫),安藤 祐介,講談社,9784062936859,2017-06-15,￥ 842,https://images-fe.ssl-images-amazon.com/images/I/61gg-dr9V%2BL.jpg,459057,,https://www.amazon.co.jp/%E3%83%86%E3%83%8E%E3%83%92%E3%83%A9%E5%B9%95%E5%BA%9C%E6%A0%AA%E5%BC%8F%E4%BC%9A%E7%A4%BE-%E8%AC%9B%E8%AB%87%E7%A4%BE%E6%96%87%E5%BA%AB-%E5%AE%89%E8%97%A4-%E7%A5%90%E4%BB%8B/dp/4062936852?SubscriptionId=AKIAJ645GOWXP5XNXMSA&tag=suiseki-22&linkCode=xm2&camp=2025&creative=165953&creativeASIN=4062936852,スタートアップ,
72,教師が20代までに身につけておきたいスタートアップスキル「なんで学級経営がうまくいかないのか」を解決する法則　－実践編　さらに読みたい46の法則－,向山洋一,東京教育技術研究所,9784906938391,,"￥ 1,600",https://images-fe.ssl-images-amazon.com/images/I/61o4ELGgcIL.jpg,459335,「学級経営がうまくいかない」「いじめにどう対応したらいいのかわからない」etc.。<br>そんないろいろな悩みを解決できる1冊です。<br> 実践編は、いじめへの対応から、さらにスキルアップするために覚えておかなければならないことをまとめました。<br> 向山洋一の文章と前田康裕氏の漫画、そして、現場の教師の体験談と内容は盛りだくさんです。<br> 若手教師、教師を志す学生におすすめです。,https://www.amazon.co.jp/%E6%95%99%E5%B8%AB%E3%81%8C20%E4%BB%A3%E3%81%BE%E3%81%A7%E3%81%AB%E8%BA%AB%E3%81%AB%E3%81%A4%E3%81%91%E3%81%A6%E3%81%8A%E3%81%8D%E3%81%9F%E3%81%84%E3%82%B9%E3%82%BF%E3%83%BC%E3%83%88%E3%82%A2%E3%83%83%E3%83%97%E3%82%B9%E3%82%AD%E3%83%AB%E3%80%8C%E3%81%AA%E3%82%93%E3%81%A7%E5%AD%A6%E7%B4%9A%E7%B5%8C%E5%96%B6%E3%81%8C%E3%81%86%E3%81%BE%E3%81%8F%E3%81%84%E3%81%8B%E3%81%AA%E3%81%84%E3%81%AE%E3%81%8B%E3%80%8D%E3%82%92%E8%A7%A3%E6%B1%BA%E3%81%99%E3%82%8B%E6%B3%95%E5%89%87-%EF%BC%8D%E5%AE%9F%E8%B7%B5%E7%B7%A8-%E3%81%95%E3%82%89%E3%81%AB%E8%AA%AD%E3%81%BF%E3%81%9F%E3%81%8446%E3%81%AE%E6%B3%95%E5%89%87%EF%BC%8D-%E5%90%91%E5%B1%B1%E6%B4%8B%E4%B8%80/dp/4906938396?SubscriptionId=AKIAJ645GOWXP5XNXMSA&tag=suiseki-22&linkCode=xm2&camp=2025&creative=165953&creativeASIN=4906938396,スタートアップ,<IsAdultProduct>0</IsAdultProduct>
59,通勤時間で攻める! 司法書士スタートアップテキスト,山田巨樹,中央経済社,9784502226717,,"￥ 2,808",https://images-fe.ssl-images-amazon.com/images/I/51Vfj19hFrL.jpg,532357,,https://www.amazon.co.jp/%E9%80%9A%E5%8B%A4%E6%99%82%E9%96%93%E3%81%A7%E6%94%BB%E3%82%81%E3%82%8B-%E5%8F%B8%E6%B3%95%E6%9B%B8%E5%A3%AB%E3%82%B9%E3%82%BF%E3%83%BC%E3%83%88%E3%82%A2%E3%83%83%E3%83%97%E3%83%86%E3%82%AD%E3%82%B9%E3%83%88-%E5%B1%B1%E7%94%B0%E5%B7%A8%E6%A8%B9/dp/4502226718?SubscriptionId=AKIAJ645GOWXP5XNXMSA&tag=suiseki-22&linkCode=xm2&camp=2025&creative=165953&creativeASIN=4502226718,スタートアップ,<IsAdultProduct>0</IsAdultProduct>
66,介護事故対応パーフェクトガイド (NHCスタートアップシリーズ),山田 滋,日経BP社,9784822239626,,"￥ 12,960",https://images-fe.ssl-images-amazon.com/images/I/617ebvk63YL.jpg,677618,,https://www.amazon.co.jp/%E4%BB%8B%E8%AD%B7%E4%BA%8B%E6%95%85%E5%AF%BE%E5%BF%9C%E3%83%91%E3%83%BC%E3%83%95%E3%82%A7%E3%82%AF%E3%83%88%E3%82%AC%E3%82%A4%E3%83%89-NHC%E3%82%B9%E3%82%BF%E3%83%BC%E3%83%88%E3%82%A2%E3%83%83%E3%83%97%E3%82%B7%E3%83%AA%E3%83%BC%E3%82%BA-%E5%B1%B1%E7%94%B0-%E6%BB%8B/dp/4822239624?SubscriptionId=AKIAJ645GOWXP5XNXMSA&tag=suiseki-22&linkCode=xm2&camp=2025&creative=165953&creativeASIN=4822239624,スタートアップ,<IsAdultProduct>0</IsAdultProduct>
70,創業者のためのスタートアップマニュアル: あなたの夢をかなえよう!,安田 勝也,同友館,9784496052644,,"￥ 2,160",https://images-fe.ssl-images-amazon.com/images/I/515PwXEFX0L.jpg,879497,,https://www.amazon.co.jp/%E5%89%B5%E6%A5%AD%E8%80%85%E3%81%AE%E3%81%9F%E3%82%81%E3%81%AE%E3%82%B9%E3%82%BF%E3%83%BC%E3%83%88%E3%82%A2%E3%83%83%E3%83%97%E3%83%9E%E3%83%8B%E3%83%A5%E3%82%A2%E3%83%AB-%E3%81%82%E3%81%AA%E3%81%9F%E3%81%AE%E5%A4%A2%E3%82%92%E3%81%8B%E3%81%AA%E3%81%88%E3%82%88%E3%81%86-%E5%AE%89%E7%94%B0-%E5%8B%9D%E4%B9%9F/dp/4496052644?SubscriptionId=AKIAJ645GOWXP5XNXMSA&tag=suiseki-22&linkCode=xm2&camp=2025&creative=165953&creativeASIN=4496052644,スタートアップ,
11,ITエンジニアのためのスタートアップ戦略,克元 亮,シーアンドアール研究所,9784863542419,2018-03-27,"￥ 1,976",https://images-fe.ssl-images-amazon.com/images/I/51v0C-ElfjL.jpg,883326,,https://www.amazon.co.jp/IT%E3%82%A8%E3%83%B3%E3%82%B8%E3%83%8B%E3%82%A2%E3%81%AE%E3%81%9F%E3%82%81%E3%81%AE%E3%82%B9%E3%82%BF%E3%83%BC%E3%83%88%E3%82%A2%E3%83%83%E3%83%97%E6%88%A6%E7%95%A5-%E5%85%8B%E5%85%83-%E4%BA%AE/dp/4863542410?SubscriptionId=AKIAJ645GOWXP5XNXMSA&tag=suiseki-22&linkCode=xm2&camp=2025&creative=165953&creativeASIN=4863542410,スタートアップ,<IsAdultProduct>0</IsAdultProduct>
56,LIGARE vol.33 自動運転×IT×公共交通 未来の公共交通はどうなる?,LIGARE(リガーレ),株式会社自動車新聞社,9784908280139,2017-05-31,,https://images-fe.ssl-images-amazon.com/images/I/51toCTKun9L.jpg,969907,,https://www.amazon.co.jp/LIGARE-vol-33-%E8%87%AA%E5%8B%95%E9%81%8B%E8%BB%A2%C3%97-%C3%97%E5%85%AC%E5%85%B1%E4%BA%A4%E9%80%9A-%E6%9C%AA%E6%9D%A5%E3%81%AE%E5%85%AC%E5%85%B1%E4%BA%A4%E9%80%9A%E3%81%AF%E3%81%A9%E3%81%86%E3%81%AA%E3%82%8B/dp/4908280134?SubscriptionId=AKIAJ645GOWXP5XNXMSA&tag=suiseki-22&linkCode=xm2&camp=2025&creative=165953&creativeASIN=4908280134,スタートアップ,<IsAdultProduct>0</IsAdultProduct>
33,スタートアップ・ビジネス―起業のプランニングから起業後のマネジメントまで―,石井 宏宗,創成社,9784794425140,,"￥ 1,296",https://images-fe.ssl-images-amazon.com/images/I/41Ai6TOwKFL.jpg,1038555,,https://www.amazon.co.jp/%E3%82%B9%E3%82%BF%E3%83%BC%E3%83%88%E3%82%A2%E3%83%83%E3%83%97%E3%83%BB%E3%83%93%E3%82%B8%E3%83%8D%E3%82%B9%E2%80%95%E8%B5%B7%E6%A5%AD%E3%81%AE%E3%83%97%E3%83%A9%E3%83%B3%E3%83%8B%E3%83%B3%E3%82%B0%E3%81%8B%E3%82%89%E8%B5%B7%E6%A5%AD%E5%BE%8C%E3%81%AE%E3%83%9E%E3%83%8D%E3%82%B8%E3%83%A1%E3%83%B3%E3%83%88%E3%81%BE%E3%81%A7%E2%80%95-%E7%9F%B3%E4%BA%95-%E5%AE%8F%E5%AE%97/dp/4794425147?SubscriptionId=AKIAJ645GOWXP5XNXMSA&tag=suiseki-22&linkCode=xm2&camp=2025&creative=165953&creativeASIN=4794425147,スタートアップ,<IsAdultProduct>0</IsAdultProduct>
29,子育てスタートアップ　～子育てって何なの？～,関根　大介,ギャラクシーブックス,9784866285061,2017-11-27,"￥ 1,598",https://images-fe.ssl-images-amazon.com/images/I/41IjYkqm6ZL.jpg,1315313,,https://www.amazon.co.jp/%E5%AD%90%E8%82%B2%E3%81%A6%E3%82%B9%E3%82%BF%E3%83%BC%E3%83%88%E3%82%A2%E3%83%83%E3%83%97-%EF%BD%9E%E5%AD%90%E8%82%B2%E3%81%A6%E3%81%A3%E3%81%A6%E4%BD%95%E3%81%AA%E3%81%AE%EF%BC%9F%EF%BD%9E-%E9%96%A2%E6%A0%B9-%E5%A4%A7%E4%BB%8B/dp/4866285060?SubscriptionId=AKIAJ645GOWXP5XNXMSA&tag=suiseki-22&linkCode=xm2&camp=2025&creative=165953&creativeASIN=4866285060,スタートアップ,<IsAdultProduct>0</IsAdultProduct>
65,VEC YEARBOOK〈2016〉Annual Report on Japanese Startup Businesses,ベンチャーエンタープライズセンター,ベンチャーエンタープライズセンター,9784908965012,,"￥ 21,600",https://images-fe.ssl-images-amazon.com/images/I/51sZ46yCP2L.jpg,1345401,VEC YEARBOOK has been quoted in a number of reports as the nation's only research to understand the investment situation of venture capital in Japan.,https://www.amazon.co.jp/YEARBOOK%E3%80%882016%E3%80%89Annual-Report-Japanese-Startup-Businesses/dp/4908965013?SubscriptionId=AKIAJ645GOWXP5XNXMSA&tag=suiseki-22&linkCode=xm2&camp=2025&creative=165953&creativeASIN=4908965013,スタートアップ,<IsAdultProduct>0</IsAdultProduct>
24,林投資研究所オリジナル株式投資スタートアップ・セット,林投資研究所,林投資研究所,4562325040308,,"￥ 6,480",https://images-fe.ssl-images-amazon.com/images/I/41hkjoLwdGL.jpg,1714105,"【プロの相場師も最初は初心者】<br> 株式投資は、正しい努力を継続すれば、必ず「上達」します。<br> でも、学ぶ土台がゆがんでいては、その後の努力はムダになるでしょう。<br> 初心者でも、プロの視点、稼いでいる投資家の発想と目線で基礎を築くことが大切です。<br> 林投資研究所は、常にプレーヤー目線で、半世紀にわたって個人投資家の育成に努めてきました。 <br> 当研究所が、自信をもっておすすめする、株式投資をはじめるときに、まず揃えたい書籍と道具のセット。<br> それぞれを単品で購入（8,781円）するより2,300円（26%）おトクです。<br> ★セットに含まれる商品※（　）内は単品価格（税込）<br> ・書籍『相場技法抜粋』（1,080円）<br> ・書籍『ブレない投資手法　曲げない投資哲学』（1,890円）<br> ・書籍『【実践】相場用語事典』（2,571円）<br> ・ＦＡＩ場帳～50枚（1,620円） <br> ・ＦＡＩ玉帳～50枚（1,620円）",https://www.amazon.co.jp/%E6%9E%97%E6%8A%95%E8%B3%87%E7%A0%94%E7%A9%B6%E6%89%80%E3%82%AA%E3%83%AA%E3%82%B8%E3%83%8A%E3%83%AB%E6%A0%AA%E5%BC%8F%E6%8A%95%E8%B3%87%E3%82%B9%E3%82%BF%E3%83%BC%E3%83%88%E3%82%A2%E3%83%83%E3%83%97%E3%83%BB%E3%82%BB%E3%83%83%E3%83%88-%E6%9E%97%E6%8A%95%E8%B3%87%E7%A0%94%E7%A9%B6%E6%89%80/dp/B07DLKD49P?SubscriptionId=AKIAJ645GOWXP5XNXMSA&tag=suiseki-22&linkCode=xm2&camp=2025&creative=165953&creativeASIN=B07DLKD49P,スタートアップ,<IsAdultProduct>0</IsAdultProduct>
46,All is well - みんな昔は子どもだった。 (MyISBN - デザインエッグ社),ゴーゴーケンゴ(平尾 健悟),デザインエッグ社,9784815001094,2017-08-14,"￥ 1,588",https://images-fe.ssl-images-amazon.com/images/I/51yseEJk1lL.jpg,2360231,,https://www.amazon.co.jp/All-well-%E3%81%BF%E3%82%93%E3%81%AA%E6%98%94%E3%81%AF%E5%AD%90%E3%81%A9%E3%82%82%E3%81%A0%E3%81%A3%E3%81%9F%E3%80%82-MyISBN-%E3%83%87%E3%82%B6%E3%82%A4%E3%83%B3%E3%82%A8%E3%83%83%E3%82%B0%E7%A4%BE/dp/481500109X?SubscriptionId=AKIAJ645GOWXP5XNXMSA&tag=suiseki-22&linkCode=xm2&camp=2025&creative=165953&creativeASIN=481500109X,スタートアップ,<IsAdultProduct>0</IsAdultProduct>
20,WORKSIGHT(ワークサイト) 11 スタートアップ都市ベルリンのネクストステップ,コクヨ WORKSIGHT LAB.,アーク出版,9784860591885,2018-02-01,"￥ 1,080",https://images-fe.ssl-images-amazon.com/images/I/51jBPvRssZL.jpg,9999999,,https://www.amazon.co.jp/WORKSIGHT-%E3%83%AF%E3%83%BC%E3%82%AF%E3%82%B5%E3%82%A4%E3%83%88-%E3%82%B9%E3%82%BF%E3%83%BC%E3%83%88%E3%82%A2%E3%83%83%E3%83%97%E9%83%BD%E5%B8%82%E3%83%99%E3%83%AB%E3%83%AA%E3%83%B3%E3%81%AE%E3%83%8D%E3%82%AF%E3%82%B9%E3%83%88%E3%82%B9%E3%83%86%E3%83%83%E3%83%97-%E3%82%B3%E3%82%AF%E3%83%A8-LAB/dp/4860591887?SubscriptionId=AKIAJ645GOWXP5XNXMSA&tag=suiseki-22&linkCode=xm2&camp=2025&creative=165953&creativeASIN=4860591887,スタートアップ,<IsAdultProduct>0</IsAdultProduct>
77,失敗しないスタートアップ,東昌樹,日経BP,,,￥ 140,https://images-fe.ssl-images-amazon.com/images/I/510RyonPp7L.jpg,9999999,●AI参入のLINE 信頼の壁に挑戦 ●失敗しないスタートアップ 協業する大企業へ１０の心得 　　　　　　　　　　　他,https://www.amazon.co.jp/%E5%A4%B1%E6%95%97%E3%81%97%E3%81%AA%E3%81%84%E3%82%B9%E3%82%BF%E3%83%BC%E3%83%88%E3%82%A2%E3%83%83%E3%83%97-%E6%9D%B1%E6%98%8C%E6%A8%B9/dp/B078B5RLB1?SubscriptionId=AKIAJ645GOWXP5XNXMSA&tag=suiseki-22&linkCode=xm2&camp=2025&creative=165953&creativeASIN=B078B5RLB1,スタートアップ,<IsAdultProduct>0</IsAdultProduct>
62,WORKSIGHT(ワークサイト) 11 スタートアップ都市ベルリンのネクストステップ,コクヨ WORKSIGHT LAB.,コクヨ株式会社,9784905122784,2017-04-24,"￥ 3,999",https://images-fe.ssl-images-amazon.com/images/I/51zyIeehKwL.jpg,9999999,,https://www.amazon.co.jp/WORKSIGHT-%E3%83%AF%E3%83%BC%E3%82%AF%E3%82%B5%E3%82%A4%E3%83%88-%E3%82%B9%E3%82%BF%E3%83%BC%E3%83%88%E3%82%A2%E3%83%83%E3%83%97%E9%83%BD%E5%B8%82%E3%83%99%E3%83%AB%E3%83%AA%E3%83%B3%E3%81%AE%E3%83%8D%E3%82%AF%E3%82%B9%E3%83%88%E3%82%B9%E3%83%86%E3%83%83%E3%83%97-%E3%82%B3%E3%82%AF%E3%83%A8-LAB/dp/4905122783?SubscriptionId=AKIAJ645GOWXP5XNXMSA&tag=suiseki-22&linkCode=xm2&camp=2025&creative=165953&creativeASIN=4905122783,スタートアップ,<IsAdultProduct>0</IsAdultProduct>
